name,ra_deg,dec_deg,vmag,bv
9Alp CMa,101.2871,-16.7161,-1.46,0.00
Alp Car,95.9879,-52.6958,-0.72,0.15
16Alp Boo,213.9154,19.1825,-0.04,1.23
Alp1Cen,219.8996,-60.8353,-0.01,0.71
3Alp Lyr,279.2346,38.7836,0.03,0.00
13Alp Aur,79.1725,45.9981,0.08,0.80
19Bet Ori,78.6346,-8.2017,0.12,-0.03
10Alp CMi,114.8254,5.2250,0.38,0.42
Alp Eri,24.4288,-57.2367,0.46,-0.16
58Alp Ori,88.7929,7.4069,0.50,1.85
Bet Cen,210.9558,-60.3731,0.61,-0.23
53Alp Aql,297.6958,8.8683,0.77,0.22
87Alp Tau,68.9800,16.5092,0.85,1.54
21Alp Sco,247.3517,-26.4319,0.96,1.83
67Alp Vir,201.2983,-11.1614,0.98,-0.23
78Bet Gem,116.3287,28.0261,1.14,1.00
24Alp PsA,344.4129,-29.6222,1.16,0.09
Bet Cru,191.9300,-59.6886,1.25,-0.23
50Alp Cyg,310.3579,45.2803,1.25,0.09
Alp1Cru,186.6496,-63.0992,1.33,-0.24
Alp2Cen,219.9004,-60.8356,1.33,0.88
32Alp Leo,152.0929,11.9672,1.35,-0.11
21Eps CMa,104.6562,-28.9722,1.50,-0.21
Gam Cru,187.7913,-57.1133,1.63,1.59
35Lam Sco,263.4021,-37.1039,1.63,-0.22
24Gam Ori,81.2829,6.3497,1.64,-0.22
112Bet Tau,81.5729,28.6075,1.65,-0.13
Bet Car,138.3000,-69.7172,1.68,0.00
46Eps Ori,84.0533,-1.2019,1.70,-0.19
Alp2Cru,186.6521,-63.0994,1.73,-0.26
Alp Gru,332.0583,-46.9611,1.74,-0.13
77Eps UMa,193.5071,55.9597,1.77,-0.02
Gam2Vel,122.3833,-47.3367,1.78,-0.22
33Alp Per,51.0808,49.8611,1.79,0.48
50Alp UMa,165.9321,61.7508,1.79,1.07
25Del CMa,107.0979,-26.3933,1.84,0.68
20Eps Sgr,276.0429,-34.3847,1.85,-0.03
Eps Car,125.6283,-59.5097,1.86,1.28
85Eta UMa,206.8850,49.3133,1.86,-0.19
The Sco,264.3300,-42.9978,1.87,0.40
34Bet Aur,89.8821,44.9475,1.90,0.03
Alp TrA,252.1662,-69.0278,1.92,1.44
24Gam Gem,99.4279,16.3992,1.93,0.00
Alp Pav,306.4121,-56.7350,1.94,-0.20
Del Vel,131.1758,-54.7083,1.96,0.04
2Bet CMa,95.6750,-17.9558,1.98,-0.23
66Alp Gem,113.6500,31.8883,1.98,0.03
30Alp Hya,141.8967,-8.6586,1.98,1.44
13Alp Ari,31.7933,23.4625,2.00,1.15
HR,239.8758,25.9203,2.00,0.10
1Alp UMi,37.9529,89.2642,2.02,0.60
34Sig Sgr,283.8163,-26.2967,2.02,-0.22
16Bet Cet,10.8975,-17.9867,2.04,1.02
50Zet Ori,85.1896,-1.9428,2.05,-0.21
21Alp And,2.0971,29.0906,2.06,-0.11
43Bet And,17.4329,35.6206,2.06,1.58
53Kap Ori,86.9392,-9.6697,2.06,-0.17
5The Cen,211.6708,-36.3700,2.06,1.01
7Bet UMi,222.6763,74.1556,2.08,1.47
55Alp Oph,263.7337,12.5600,2.08,0.15
Bet Gru,340.6671,-46.8847,2.10,1.60
26Bet Per,47.0421,40.9556,2.12,-0.05
94Bet Leo,177.2650,14.5719,2.14,0.09
Gam Cen,190.3792,-48.9597,2.17,-0.01
37Gam Cyg,305.5571,40.2567,2.20,0.68
Lam Vel,136.9992,-43.4325,2.21,1.66
18Alp Cas,10.1271,56.5372,2.23,1.17
34Del Ori,83.0017,-0.2992,2.23,-0.22
5Alp CrB,233.6721,26.7147,2.23,-0.02
33Gam Dra,269.1517,51.4889,2.23,1.52
Zet Pup,120.8963,-40.0033,2.25,-0.26
Iot Car,139.2725,-59.2753,2.25,0.18
57Gam1And,30.9750,42.3297,2.26,1.37
11Bet Cas,2.2946,59.1497,2.27,0.34
79Zet UMa,200.9812,54.9253,2.27,0.02
26Eps Sco,252.5408,-34.2933,2.29,1.15
Eps Cen,204.9717,-53.4664,2.30,-0.22
Alp Lup,220.4825,-47.3883,2.30,-0.20
Eta Cen,218.8767,-42.1578,2.31,-0.19
7Del Sco,240.0833,-22.6217,2.32,-0.12
48Bet UMa,165.4604,56.3825,2.37,-0.02
Alp Phe,6.5708,-42.3061,2.39,1.09
8Eps Peg,326.0467,9.8750,2.39,1.53
Kap Sco,265.6221,-39.0300,2.41,-0.22
53Bet Peg,345.9438,28.0828,2.42,1.67
35Eta Oph,257.5946,-15.7247,2.43,0.06
64Gam UMa,178.4575,53.6947,2.44,0.00
5Alp Cep,319.6450,62.5856,2.44,0.22
31Eta CMa,111.0238,-29.3031,2.45,-0.08
53Eps Cyg,311.5529,33.9703,2.46,1.03
27Gam Cas,14.1771,60.7167,2.47,-0.15
54Alp Peg,346.1904,15.2053,2.49,-0.04
Kap Vel,140.5283,-55.0108,2.50,-0.18
92Alp Cet,45.5700,4.0897,2.53,1.64
Zet Cen,208.8850,-47.2883,2.55,-0.22
68Del Leo,168.5271,20.5236,2.56,0.12
13Zet Oph,249.2896,-10.5672,2.56,0.02
11Alp Lep,83.1825,-17.8222,2.58,0.21
4Gam Crv,183.9517,-17.5419,2.59,-0.11
Del Cen,182.0896,-50.7225,2.60,-0.12
38Zet Sgr,285.6529,-29.8803,2.60,0.08
41Gam1Leo,154.9929,19.8417,2.61,1.15
27Bet Lib,229.2517,-9.3831,2.61,-0.11
37The Aur,89.9304,37.2125,2.62,-0.08
8Bet1Sco,241.3592,-19.8056,2.62,-0.07
6Bet Ari,28.6600,20.8081,2.64,0.13
Alp Col,84.9121,-34.0742,2.64,-0.12
9Bet Crv,188.5967,-23.3967,2.65,0.89
24Alp Ser,236.0671,6.4256,2.65,1.17
37Del Cas,21.4542,60.2353,2.68,0.13
8Eta Boo,208.6713,18.3978,2.68,0.58
Bet Lup,224.6329,-43.1339,2.68,-0.22
3Iot Aur,74.2483,33.1661,2.69,1.53
Mu  Vel,161.6925,-49.4200,2.69,0.90
Alp Mus,189.2958,-69.1356,2.69,-0.20
34Ups Sco,262.6908,-37.2958,2.69,-0.22
Pi  Pup,109.2858,-37.0975,2.70,1.62
36Eps Boo,221.2467,27.0742,2.70,0.97
19Del Sgr,275.2487,-29.8281,2.70,1.38
50Gam Aql,296.5650,10.6133,2.72,1.52
1Del Oph,243.5863,-3.6944,2.74,1.58
14Eta Dra,245.9979,61.5142,2.74,0.91
Iot Cen,200.1492,-36.7122,2.75,0.04
9Alp2Lib,222.7196,-16.0417,2.75,0.15
The Car,160.7392,-64.3944,2.76,-0.22
44Iot Ori,83.8583,-5.9100,2.77,-0.24
27Bet Her,247.5550,21.4897,2.77,0.94
60Bet Oph,265.8683,4.5672,2.77,1.16
Gam Lup,233.7854,-41.1669,2.78,-0.20
67Bet Eri,76.9625,-5.0864,2.79,0.13
23Bet Dra,262.6083,52.3014,2.79,0.98
Bet Hyi,6.4379,-77.2542,2.80,0.62
Del Cru,183.7862,-58.7489,2.80,-0.23
15Rho Pup,121.8858,-24.3042,2.81,0.43
40Zet Her,250.3217,31.6031,2.81,0.65
22Lam Sgr,276.9925,-25.4217,2.81,1.04
23Tau Sco,248.9708,-28.2161,2.82,-0.25
88Gam Peg,3.3092,15.1836,2.83,-0.23
47Eps Vir,195.5442,10.9592,2.83,0.94
9Bet Lep,82.0613,-20.7594,2.84,0.82
44Zet Per,58.5329,31.8836,2.85,0.12
Bet TrA,238.7854,-63.4306,2.85,0.29
Bet Ara,261.3250,-55.5300,2.85,1.46
Alp Hyi,29.6925,-61.5697,2.86,0.28
Alp Tuc,334.6254,-60.2597,2.86,1.39
25Eta Tau,56.8713,24.1050,2.87,-0.09
18Del Cyg,296.2437,45.1308,2.87,-0.03
49Del Cap,326.7600,-16.1272,2.87,0.29
13Mu  Gem,95.7400,22.5136,2.88,1.64
66Alp Gem,113.6500,31.8886,2.88,0.04
45Eps Per,59.4633,40.0103,2.89,-0.18
Gam TrA,229.7275,-68.6794,2.89,0.00
6Pi  Sco,239.7129,-26.1142,2.89,-0.19
20Sig Sco,245.2971,-25.5928,2.89,0.13
41Pi  Sgr,287.4408,-21.0236,2.89,0.35
3Bet CMi,111.7875,8.2894,2.90,-0.09
12Alp2CVn,194.0071,38.3183,2.90,-0.12
22Bet Aqr,322.8896,-5.5711,2.91,0.83
23Gam Per,46.1992,53.5064,2.93,0.70
Tau Pup,102.4842,-50.6147,2.93,1.20
44Eta Peg,340.7504,30.2214,2.94,0.86
34Gam Eri,59.5075,-13.5086,2.95,1.59
7Del Crv,187.4663,-16.5156,2.95,-0.05
Alp Ara,262.9604,-49.8761,2.95,-0.17
34Alp Aqr,331.4458,-0.3197,2.96,0.98
27Eps Gem,100.9829,25.1311,2.98,1.40
17Eps Leo,146.4629,23.7742,2.98,0.80
7Eps Aur,75.4921,43.8233,2.99,0.54
10Gam2Sgr,271.4521,-30.4242,2.99,1.00
17Zet Aql,286.3525,13.8633,2.99,0.01
4Bet Tri,32.3858,34.9872,3.00,0.14
123Zet Tau,84.4113,21.1425,3.00,-0.19
2Eps Crv,182.5312,-22.6197,3.00,1.33
46Gam Hya,199.7304,-23.1717,3.00,0.92
39Del Per,55.7313,47.7875,3.01,-0.13
Ups Car,146.7754,-65.0719,3.01,0.28
52Psi UMa,167.4158,44.4986,3.01,1.14
Gam Gru,328.4821,-37.3650,3.01,-0.12
1Zet CMa,95.0783,-30.0633,3.02,-0.19
24Omi2CMa,105.7562,-23.8333,3.02,-0.08
27Gam Boo,218.0196,38.3083,3.03,0.19
Iot1Sco,266.8963,-40.1269,3.03,0.51
68Omi Cet,34.8362,-2.9775,3.04,1.42
Mu  Cen,207.4042,-42.4739,3.04,-0.17
34Mu  UMa,155.5821,41.4994,3.05,1.59
Bet Mus,191.5704,-68.1081,3.05,-0.18
13Gam UMi,230.1821,71.8339,3.05,0.05
57Del Dra,288.1388,67.6617,3.07,1.00
Mu 1Sco,252.9675,-38.0475,3.08,-0.20
6Bet1Cyg,292.6804,27.9597,3.08,1.13
9Bet Cap,305.2529,-14.7814,3.08,0.79
16Zet Hya,133.8483,5.9456,3.11,1.00
Nu  Hya,162.4062,-16.1936,3.11,1.25
Eta Sgr,274.4067,-36.7617,3.11,1.56
Alp Ind,309.3917,-47.2914,3.11,1.00
Bet Col,87.7400,-35.7683,3.12,1.16
40Alp Lyn,140.2637,34.3925,3.13,1.55
HR,142.8054,-57.0344,3.13,1.55
Lam Cen,173.9450,-63.0197,3.13,-0.04
Kap Cen,224.7904,-42.1042,3.13,-0.20
Zet Ara,254.6550,-55.9903,3.13,1.60
9Iot UMa,134.8017,48.0417,3.14,0.19
65Del Her,258.7579,24.8392,3.14,0.08
67Pi  Her,258.7617,36.8092,3.16,1.44
10Eta Aur,76.6287,41.2344,3.17,-0.18
Nu  Pup,99.4404,-43.1961,3.17,-0.11
25The UMa,143.2142,51.6772,3.17,0.46
22Zet Dra,257.1967,65.7147,3.17,-0.12
27Phi Sgr,281.4142,-26.9908,3.17,-0.11
1Pi 3Ori,72.4600,6.9614,3.19,0.45
2Eps Lep,76.3654,-22.3711,3.19,1.46
Alp Cir,220.6267,-64.9753,3.19,0.24
27Kap Oph,254.4171,9.3750,3.20,1.15
64Zet Cyg,318.2342,30.2269,3.20,0.99
HR,267.4646,-37.0433,3.21,1.17
35Gam Cep,354.8367,77.6325,3.21,1.03
Del Lup,230.3429,-40.6475,3.22,-0.22
65The Aql,302.8263,-0.8214,3.23,-0.07
8Bet Cep,322.1650,70.5608,3.23,-0.22
The1Eri,44.5654,-40.3047,3.24,0.14
Gam Hyi,56.8096,-74.2389,3.24,1.62
2Eps Oph,244.5804,-4.6925,3.24,0.96
14Gam Lyr,284.7358,32.6894,3.24,-0.05
Sig Pup,112.3075,-43.3014,3.25,1.51
58Eta Ser,275.3275,-2.8989,3.26,0.94
31Del And,9.8321,30.8608,3.27,1.28
Alp Dor,68.4992,-55.0450,3.27,-0.10
Alp Pic,102.0475,-61.9414,3.27,0.21
49Pi  Hya,211.5929,-26.6825,3.27,1.12
42The Oph,260.5025,-24.9994,3.27,-0.22
76Del Aqr,343.6625,-15.8208,3.27,0.05
7Eta Gem,93.7192,22.5067,3.28,1.60
20Sig Lib,226.0175,-25.2819,3.29,1.70
12Iot Dra,231.2325,58.9661,3.29,1.16
Bet Phe,16.5208,-46.7186,3.31,0.89
5Mu  Lep,78.2329,-16.2056,3.31,-0.11
69Del UMa,183.8567,57.0325,3.31,0.08
Ome Car,153.4342,-70.0381,3.32,-0.08
HR,158.0058,-61.6853,3.32,-0.09
40Tau Sgr,286.7350,-27.6706,3.32,1.19
Eta Sco,258.0383,-43.2392,3.33,0.41
7Xi  Pup,117.3237,-24.8597,3.34,1.24
70The Leo,168.5600,15.4294,3.34,-0.01
Gam Ara,261.3483,-56.3775,3.34,-0.13
64Nu  Oph,269.7567,-9.7736,3.34,0.99
Alp Ret,63.6062,-62.4739,3.35,0.91
21Zet Cep,332.7138,58.2011,3.35,1.57
28Eta Ori,81.1192,-2.3969,3.36,-0.17
31Xi  Gem,101.3225,12.8956,3.36,0.43
1Omi UMa,127.5662,60.7181,3.36,0.84
30Del Aql,291.3746,3.1147,3.36,0.32
79Zet Vir,203.6733,-0.5958,3.37,0.11
Eps Lup,230.6704,-44.6894,3.37,-0.18
45Eps Cas,28.5987,63.6700,3.38,-0.15
11Eps Hya,131.6942,6.4189,3.38,0.68
43Del Vir,193.9008,3.3975,3.38,1.58
25Rho Per,46.2942,38.8403,3.39,1.65
78The2Tau,67.1654,15.8708,3.40,0.18
HR,154.2708,-61.3322,3.40,1.54
42Zet Peg,340.3654,10.8314,3.40,-0.09
Gam Phe,22.0913,-43.3183,3.41,1.57
2Alp Tri,28.2704,29.5789,3.41,0.49
Nu  Cen,207.3762,-41.6878,3.41,-0.22
Zet Lup,228.0712,-52.0992,3.41,0.92
Eta Lup,240.0304,-38.3969,3.41,-0.22
86Mu  Her,266.6146,27.7206,3.42,0.75
Bet Pav,311.2396,-66.2031,3.42,0.16
3Eta Cep,311.3225,61.8389,3.43,0.92
24Eta Cas,12.2750,57.8158,3.44,0.57
HR,137.7417,-58.9669,3.44,-0.19
36Zet Leo,154.1725,23.4172,3.44,0.31
16Lam Aql,286.5621,-4.8825,3.44,-0.09
31Eta Cet,17.1475,-10.1822,3.45,1.16
33Lam UMa,154.2742,42.9144,3.45,0.03
10Bet Lyr,282.5200,33.3628,3.45,0.00
86Gam Cet,40.8250,3.2358,3.47,0.09
35Lam Tau,60.1700,12.4903,3.47,-0.12
22Sig CMa,105.4296,-27.9347,3.47,1.73
Chi Car,119.1946,-52.9822,3.47,-0.18
49Del Boo,228.8758,33.3147,3.47,0.95
12Gam Sge,299.6892,19.4922,3.47,1.57
54Nu  UMa,169.6196,33.0942,3.48,1.40
64Alp1Her,258.6621,14.3903,3.48,1.44
48Mu  Peg,342.5008,24.6017,3.48,0.93
Eps Gru,342.1388,-51.3169,3.49,0.08
52Tau Cet,26.0171,-15.9375,3.50,0.72
42Bet Boo,225.4867,40.3906,3.50,0.97
Alp Tel,276.7433,-45.9683,3.51,-0.17
37Xi 2Sgr,284.4325,-21.1067,3.51,1.18
17Bet Cnc,124.1288,9.1856,3.52,1.48
14Omi Leo,145.2875,9.8922,3.52,0.49
30Eta Leo,151.8333,16.7628,3.52,-0.03
32Iot Cep,342.4200,66.2006,3.52,1.05
74Eps Tau,67.1542,19.1803,3.53,1.01
55Del Gem,110.0308,21.9822,3.53,0.34
32Mu  Ser,237.4050,-3.4303,3.53,-0.04
44Eta Her,250.7242,38.9222,3.53,0.92
26The Peg,332.5500,6.1978,3.53,0.08
23Del Eri,55.8121,-9.7633,3.54,0.92
39Lam Ori,83.7846,9.9342,3.54,-0.18
Phi Vel,149.2158,-54.5678,3.54,-0.08
Xi  Hya,173.2504,-31.8578,3.54,0.94
55Xi  Ser,264.3967,-15.3986,3.54,0.26
14Zet Lep,86.7387,-14.8219,3.55,0.10
Iot Lup,214.8508,-46.0578,3.55,-0.18
8Iot Cet,4.8571,-8.8239,3.56,1.22
Phi Eri,34.1275,-51.5122,3.56,-0.12
41Ups4Eri,64.4737,-33.7983,3.56,-0.12
12Del Crt,169.8354,-14.7786,3.56,1.12
Phi1Lup,230.4517,-36.2614,3.56,1.54
Del Pav,302.1817,-66.1819,3.56,0.76
51    And,24.4983,48.6283,3.57,1.28
77Kap Gem,116.1117,24.3981,3.57,0.93
Mu 2Sco,253.0838,-38.0175,3.57,-0.21
44Chi Dra,275.2642,72.7328,3.57,0.49
6Alp2Cap,304.5137,-12.5447,3.57,0.94
54Lam Gem,109.5233,16.5403,3.58,0.11
25Rho Boo,217.9575,30.3714,3.58,1.30
39Ups Lib,234.2562,-28.1350,3.58,1.38
Eps Cru,185.3400,-60.4011,3.59,1.42
45The Cet,21.0058,-8.1833,3.60,1.06
1Omi Tau,51.2033,9.0289,3.60,0.89
20Tau Ori,79.4017,-6.8444,3.60,-0.11
13Gam Lep,86.1158,-22.4483,3.60,0.47
34The Gem,103.1971,33.9611,3.60,0.10
12Kap UMa,135.9062,47.1567,3.60,0.00
Psi Vel,142.6750,-40.4667,3.60,0.36
HR,116.3137,-37.9686,3.61,1.73
41Lam Hya,152.6471,-12.3542,3.61,1.01
5Bet Vir,177.6738,1.7647,3.61,0.55
99Eta Psc,22.8708,15.3458,3.62,0.97
HR,130.0733,-52.9219,3.62,-0.18
Del Mus,195.5675,-71.5489,3.62,1.18
Zet2Sco,253.6458,-42.3614,3.62,1.37
Del Ara,262.7746,-60.6839,3.62,-0.10
Eta Pav,266.4333,-64.7239,3.62,1.19
1Omi And,345.4804,42.3261,3.62,-0.09
41    Ari,42.4958,27.2606,3.63,-0.10
27    Tau,57.2904,24.0533,3.63,-0.09
6Bet Del,309.3875,14.5953,3.63,0.44
Lam Mus,176.4017,-66.7286,3.64,0.16
54Gam Tau,64.9483,15.6275,3.65,0.99
29Gam Vir,190.4150,-1.4494,3.65,0.36
11Alp Dra,211.0971,64.3758,3.65,-0.05
Bet Ind,313.7025,-58.4542,3.65,1.25
17Zet Cas,9.2429,53.8969,3.66,-0.20
40Tau Lib,234.6642,-29.7778,3.66,-0.17
The Ara,271.6579,-50.0917,3.66,-0.08
88    Aqr,347.3617,-21.1725,3.66,1.22
23    UMa,142.8821,63.0619,3.67,0.33
28Bet Ser,236.5471,15.4219,3.67,0.06
Alp Pyx,130.8979,-33.1864,3.68,-0.18
29Gam Vir,190.4150,-1.4494,3.68,0.00
3Bet CrB,231.9571,29.1058,3.68,0.28
40Gam Cap,325.0229,-16.6622,3.68,0.32
16Tau4Eri,49.8792,-21.7578,3.69,1.62
3Pi 4Ori,72.8017,5.6050,3.69,-0.17
HR,146.3117,-62.5078,3.69,1.22
6Gam Psc,349.2912,3.2822,3.69,0.92
Chi Eri,28.9896,-51.6089,3.70,0.85
17    Tau,56.2188,24.1133,3.70,-0.11
92Xi  Her,269.4412,29.2478,3.70,0.94
16Eta Lep,89.1013,-14.1678,3.71,0.33
63Chi UMa,176.5125,47.7794,3.71,1.18
37Eps Ser,237.7042,4.4778,3.71,0.15
60Bet Aql,298.8283,6.4067,3.71,0.86
8Pi 5Ori,73.5629,2.4406,3.72,-0.18
33Del Aur,89.8817,54.2847,3.72,1.00
109    Vir,221.5621,1.8928,3.72,-0.01
62Xi  Cyg,316.2329,43.9278,3.72,1.65
65Tau Cyg,318.6979,38.0456,3.72,0.39
55Zet Cet,27.8650,-10.3350,3.73,1.14
18Eps Eri,53.2325,-9.4583,3.73,0.88
HR,118.0542,-40.5758,3.73,1.04
72    Oph,271.8375,9.5639,3.73,0.12
2Xi  Tau,51.7925,9.7328,3.74,-0.09
34Zet Cap,321.6667,-22.4114,3.74,1.00
73Lam Aqr,343.1538,-7.5797,3.74,1.64
8Zet Aur,75.6196,41.0758,3.75,1.22
HR,136.0387,-47.0978,3.75,1.20
20Gam Her,245.4800,19.1531,3.75,0.27
62Gam Oph,266.9733,2.7072,3.75,0.04
32Xi  Dra,268.3821,56.8728,3.75,1.18
27Del Cep,337.2929,58.4153,3.75,0.60
15Eta Per,42.6742,55.8956,3.76,1.68
61Del1Tau,65.7338,17.5425,3.76,0.98
Bet Dor,83.4062,-62.4897,3.76,0.82
Eta Ara,252.4463,-59.0414,3.76,1.57
Nu  Oct,325.3687,-77.3900,3.76,1.00
24Iot Peg,331.7529,25.3450,3.76,0.44
41Nu  Per,56.2983,42.5786,3.77,0.42
Bet Vol,126.4342,-66.1369,3.77,1.13
39Omi Sgr,286.1708,-21.7417,3.77,1.01
1Kap Cyg,289.2758,53.3686,3.77,0.96
9Alp Del,309.9096,15.9119,3.77,-0.06
2Eps Aqr,311.9192,-9.4958,3.77,0.00
7Alp Lac,337.8229,50.2825,3.77,0.01
Gam2Vol,107.1871,-70.4989,3.78,1.04
HR,163.3733,-58.8533,3.78,0.95
43Zet Gem,106.0271,20.5703,3.79,0.79
60Iot Gem,111.4317,27.7981,3.79,1.03
10Iot2Cyg,292.4262,51.7297,3.79,0.14
31    Cyg,303.4079,46.7414,3.79,1.28
27Kap Per,47.3742,44.8572,3.80,0.98
29Ups UMa,147.7475,59.0386,3.80,0.29
41Gam2Leo,154.9942,19.8406,3.80,0.00
13Del Ser,233.7004,10.5375,3.80,0.26
13Del Ser,233.7004,10.5392,3.80,0.26
85Iot Her,264.8662,46.0064,3.80,-0.18
48Sig Ori,84.6867,-2.6000,3.81,-0.24
15Del Lep,87.8304,-20.8792,3.81,0.99
42Mu  Hya,156.5225,-16.8364,3.81,1.48
52Ups2Eri,68.8875,-30.5622,3.82,0.98
38    Lyn,139.7113,36.8025,3.82,0.06
HR,156.9696,-58.7394,3.82,0.31
10Lam Oph,247.7283,1.9839,3.82,0.01
7Del Sge,296.8471,18.5342,3.82,1.41
16Lam And,354.3913,46.4581,3.82,1.01
38Omi Per,56.0796,32.2883,3.83,0.05
46    LMi,163.3279,34.2150,3.83,1.04
Phi Cen,209.5679,-42.1008,3.83,-0.21
Alp Aps,221.9650,-79.0447,3.83,1.43
103Omi Her,271.8858,28.7625,3.83,-0.03
63Eps Dra,297.0433,70.2678,3.83,0.89
77The1Tau,67.1438,15.9622,3.84,0.95
HR,130.1567,-46.6489,3.84,0.71
HR,133.7617,-60.6447,3.84,-0.10
HR,159.3254,-48.2258,3.84,0.30
1Lam Dra,172.8508,69.3311,3.84,1.62
8Gam CrB,235.6858,26.2956,3.84,0.00
109    Her,275.9246,21.7697,3.84,1.18
48Gam Aqr,335.4142,-1.3872,3.84,-0.05
Bet Ret,56.0500,-64.8069,3.85,1.13
Bet Pic,86.8212,-51.0664,3.85,0.17
Del Col,95.5283,-33.4364,3.85,0.88
28Ome CMa,108.7029,-26.7728,3.85,-0.17
HR,153.6842,-42.1219,3.85,0.05
47Rho Leo,158.2029,9.3067,3.85,-0.14
41Gam Ser,239.1133,15.6617,3.85,0.48
Del TrA,243.8596,-63.6856,3.85,1.11
Alp Sct,278.8017,-8.2442,3.85,1.33
Alp Hor,63.5004,-42.2944,3.86,1.10
Tau Cen,189.4258,-48.5411,3.86,0.05
91The Her,269.0633,37.2506,3.86,1.35
13Mu  Sgr,273.4408,-21.0589,3.86,0.23
37Mu  And,14.1883,38.4994,3.87,0.13
Alp For,48.0179,-28.9869,3.87,0.52
20    Tau,56.4567,24.3678,3.87,-0.07
53    Eri,69.5450,-14.3039,3.87,1.09
Eps Col,82.8029,-35.4706,3.87,1.14
16Omi1CMa,103.5329,-24.1839,3.87,1.73
Gam Mus,188.1167,-72.1331,3.87,-0.15
5Kap Dra,188.3708,69.7883,3.87,-0.13
Ups1Cen,209.6700,-44.8036,3.87,-0.20
Kap1Lup,227.9838,-48.7378,3.87,-0.05
Eps Phe,2.3529,-45.7475,3.88,1.03
22The Hya,138.5912,2.3142,3.88,-0.06
24Mu  Leo,148.1908,26.0069,3.88,1.22
HR,202.7613,-39.4075,3.88,1.17
107Mu  Vir,220.7650,-5.6583,3.88,0.38
5Rho Sco,239.2212,-29.2142,3.88,-0.20
3Eta Eri,44.1071,-8.8981,3.89,1.11
Pi  Cen,170.2517,-54.4911,3.89,-0.15
15Eta Vir,184.9767,-0.6669,3.89,0.02
22Tau Her,244.9350,46.3133,3.89,-0.15
Gam Aps,248.3625,-78.8972,3.89,0.91
21Eta Cyg,299.0767,35.0833,3.89,1.02
HR,126.4150,-3.9064,3.90,-0.02
55Eta Aql,298.1183,1.0056,3.90,0.89
Iot Gru,347.5900,-45.2467,3.90,1.02
38Nu  Tau,60.7892,5.9892,3.91,0.03
HR,131.5071,-46.0417,3.91,0.00
35Iot Hya,144.9642,-1.1428,3.91,1.32
HR,167.1475,-58.9750,3.91,1.23
Sig Cen,187.0100,-50.2306,3.91,-0.19
38Gam Lib,233.8817,-14.7894,3.91,1.01
Zet Phe,17.0963,-55.2458,3.92,-0.08
58Eps Her,255.0725,30.9264,3.92,-0.01
8Alp Equ,318.9558,5.2478,3.92,0.53
48Nu  Eri,69.0796,-3.3525,3.93,-0.21
26Alp Mon,115.3117,-9.5511,3.93,1.02
44Rho1Sgr,290.4183,-17.8472,3.93,0.22
Kap Phe,6.5508,-43.6800,3.94,0.17
47Del Cnc,131.1712,18.1542,3.94,1.08
78Iot Leo,170.9812,10.5292,3.94,0.41
58Nu  Cyg,314.2933,41.1672,3.94,0.02
Del Phe,22.8129,-49.0728,3.95,0.99
18Tau Per,43.5646,52.7625,3.95,0.74
7Nu 2CMa,99.1708,-19.2558,3.95,1.06
Zet Vol,115.4550,-72.6061,3.95,1.04
79Zet UMa,200.9850,54.9217,3.95,0.13
5Chi Lup,237.7396,-33.6272,3.95,-0.04
47Lam Peg,341.6329,23.5656,3.95,1.07
43    Eri,66.0092,-34.0169,3.96,1.49
Eta Col,89.7867,-42.8153,3.96,1.14
13Kap CMa,102.4604,-32.5086,3.96,-0.23
3    Pup,115.9521,-28.9547,3.96,0.18
Rho Cen,182.9129,-52.3686,3.96,-0.15
9Ome1Sco,241.7017,-20.6692,3.96,-0.04
Eps Pav,300.1479,-72.9106,3.96,-0.03
32Nu  Aur,87.8725,39.1486,3.97,1.13
Bet Pyx,130.0258,-35.3083,3.97,0.94
HR,135.1600,41.7828,3.97,0.44
HR,137.8192,-62.3172,3.97,-0.18
67    Oph,270.1612,2.9317,3.97,0.02
Alp Sgr,290.9717,-40.6161,3.97,-0.10
Del1Gru,337.3175,-43.4956,3.97,1.03
98    Aqr,350.7425,-20.1006,3.97,1.10
50    Cas,30.8587,72.4214,3.98,-0.01
5Gam Mon,93.7137,-6.2747,3.98,1.32
Del Vol,109.2075,-67.9572,3.98,0.79
32    Cyg,303.8679,47.7144,3.98,1.52
Gam Tuc,349.3575,-58.2358,3.99,0.40
59Ups Cet,30.0013,-21.0778,4.00,1.57
HR,43.4704,-49.8903,4.00,2.11
Alp Vol,135.6117,-66.3961,4.00,0.14
HR,156.0987,-74.0317,4.00,0.35
HR,220.4900,-37.7936,4.00,-0.17
9Gam Tri,34.3287,33.8472,4.01,0.02
Gam Pyx,132.6329,-27.7100,4.01,1.27
80    UMa,201.3063,54.9881,4.01,0.16
13The Dra,240.4721,58.5653,4.01,0.52
14Nu  Sco,242.9988,-19.4606,4.01,0.04
Zet Pav,280.7588,-71.4281,4.01,1.14
Bet1Sgr,290.6596,-44.4589,4.01,-0.10
41    Cyg,307.3487,30.3686,4.01,0.40
71Tau2Aqr,342.3979,-13.5925,4.01,1.57
28Ome Psc,359.8279,6.8633,4.01,0.42
57Mu  Eri,71.3754,-3.2547,4.02,-0.15
48Iot Cnc,131.6742,28.7600,4.02,1.01
1Alp Crv,182.1033,-24.7289,4.02,0.32
Gam2Nor,244.9600,-50.1556,4.02,1.08
13Eps Aql,284.9058,15.0683,4.02,1.08
12    Aql,285.4200,-5.7389,4.02,1.09
73Rho Cyg,323.4954,45.5919,4.02,0.89
62Eta Aqr,338.8392,-0.1175,4.02,-0.09
10Bet Cam,75.8546,60.4422,4.03,0.92
3Nu  Vir,176.4650,6.5294,4.03,1.51
Mu 1Cru,193.6483,-57.1778,4.03,-0.17
70    Oph,271.3637,2.4994,4.03,0.86
2Eps Del,308.3033,11.3033,4.03,-0.13
46Xi  Per,59.7413,35.7911,4.04,0.01
48    Per,62.1654,47.7125,4.04,-0.03
38Omi1Eri,62.9663,-6.8375,4.04,0.33
Zet Cru,184.6088,-64.0031,4.04,-0.17
13    Lyr,283.8338,43.9461,4.04,1.59
Iot Per,47.2667,49.6133,4.05,0.59
77Sig Leo,170.2842,6.0294,4.05,-0.06
Psi Cen,215.1392,-37.8853,4.05,-0.03
23The Boo,216.2992,51.8508,4.05,0.50
Rho Lup,219.4717,-49.4258,4.05,-0.15
HR,220.9142,-35.1736,4.05,1.35
Lam Lup,227.2108,-45.2797,4.05,-0.18
34Zet And,11.8346,24.2672,4.06,1.12
69Ups Gem,113.9804,26.8958,4.06,1.54
Eps1Ara,254.8963,-53.1606,4.06,1.45
Phi Per,25.9150,50.6886,4.07,-0.04
82Del Cet,39.8708,0.3286,4.07,-0.22
9Omi2Ori,74.0929,13.5144,4.07,1.15
14The CMa,103.5475,-12.0386,4.07,1.43
Alp Cha,124.6317,-76.9197,4.07,0.39
HR,131.1000,-42.6492,4.07,0.87
5Ups Boo,207.3692,15.7978,4.07,1.52
Bet Cir,229.3783,-58.8011,4.07,0.09
23The Cap,316.4867,-17.2328,4.07,-0.01
HR,143.6112,-59.2294,4.08,0.01
7Alp Crt,164.9437,-18.2989,4.08,1.09
15Gam Crt,171.2204,-17.6839,4.08,0.21
99Iot Vir,214.0037,-6.0006,4.08,0.52
1    Peg,320.5217,19.8044,4.08,1.11
Mu  Cep,325.8767,58.7800,4.08,2.35
50Ups And,24.1992,41.4056,4.09,0.54
Del Hyi,35.4371,-68.6594,4.09,0.03
11Tau3Eri,45.5979,-23.6244,4.09,0.16
40Phi2Ori,84.2262,9.2906,4.09,0.95
35Kap Ser,237.1850,18.1417,4.09,1.62
Iot Eri,40.1667,-39.8556,4.11,1.02
Eps Hyi,39.8975,-68.2669,4.11,-0.06
5    Tau,52.7183,12.9367,4.11,1.12
HR,117.3096,-46.3733,4.11,-0.18
Gam Cha,158.8671,-78.6078,4.11,1.58
HR,176.6283,-61.1783,4.11,0.90
Eps Mus,184.3921,-67.9608,4.11,1.58
Eps TrA,234.1800,-66.3169,4.11,1.17
Alp CrA,287.3679,-37.9044,4.11,0.04
Bet CrA,287.5071,-39.3408,4.11,1.20
18Ome Cap,312.9554,-26.9192,4.11,1.64
Del2Gru,337.4396,-43.7494,4.11,1.57
13The Per,41.0500,49.2283,4.12,0.49
61Mu  Ori,90.5958,9.6475,4.12,0.16
23Gam CMa,105.9396,-15.6333,4.12,-0.12
39Ups1Hya,147.8696,-14.8467,4.12,0.92
9Omi Vir,181.3021,8.7331,4.12,0.98
Zet Gru,345.2200,-52.7542,4.12,0.98
Zet Tel,277.2079,-49.0708,4.13,1.02
Iot Sgr,298.8154,-41.8683,4.13,1.08
10Kap Peg,326.1613,25.6450,4.13,0.43
1    Lac,333.9925,37.7489,4.13,1.46
17Iot Psc,354.9875,5.6264,4.13,0.51
51Mu  Per,63.7246,48.4094,4.14,0.95
29    Ori,80.9867,-7.8081,4.14,0.96
HR,129.4112,-42.9892,4.14,0.11
4The CrB,233.2325,31.3592,4.14,-0.13
16Psi Cap,311.5237,-25.2708,4.14,0.43
19Kap And,355.1021,44.3339,4.14,-0.08
18Nu  Gem,97.2408,20.2122,4.15,-0.13
22Del Mon,107.9663,-0.4928,4.15,-0.01
Eta Cru,181.7204,-64.6136,4.15,0.34
46The Lib,238.4562,-16.7294,4.15,1.02
13Eps CrB,239.3971,26.8778,4.15,1.23
Bet Oct,341.5137,-81.3817,4.15,0.20
15Kap Cas,8.2500,62.9317,4.16,0.14
1    Gem,91.0300,23.2633,4.16,0.82
4Del Hya,129.4142,5.7036,4.16,0.00
HR,249.0938,-35.2556,4.16,1.57
43The Aqr,334.2083,-7.7833,4.16,0.98
HR,57.3637,-36.2003,4.17,0.95
44    Oph,261.5925,-24.1753,4.17,0.28
18Eps PsA,340.1642,-27.0436,4.17,-0.11
23    Tau,56.5817,23.9483,4.18,-0.06
62Rho Gem,112.2779,31.7844,4.18,0.32
19Lam Boo,214.0958,46.0883,4.18,0.08
2    Cen,207.3612,-34.4508,4.19,1.50
98Kap Vir,213.2242,-10.2736,4.19,1.33
110    Her,281.4154,20.5464,4.19,0.46
23Eps Cep,333.7583,57.0436,4.19,0.28
46Xi  Peg,341.6733,12.1728,4.19,0.50
32    Ori,82.6963,5.9481,4.20,-0.14
11    Pup,119.2146,-22.8800,4.20,0.72
35Sig Her,248.5258,42.4369,4.20,-0.01
HR,52.2671,59.9403,4.21,0.41
50Zet Ori,85.1900,-1.9428,4.21,0.00
31Bet LMi,156.9708,36.7072,4.21,0.90
23Del PsA,343.9871,-32.5397,4.21,0.97
91Psi1Aqr,348.9729,-9.0878,4.21,1.11
65Kap1Tau,66.3421,22.2939,4.22,0.13
43Phi Dra,275.1896,71.3378,4.22,-0.10
Bet Sct,281.7938,-4.7478,4.22,1.10
Lam Pav,283.0542,-62.1875,4.22,-0.14
2The Cep,307.3954,62.9942,4.22,0.20
52    Cyg,311.4154,30.7197,4.22,1.05
Gam Pav,321.6108,-65.3661,4.22,0.49
90Phi Aqr,348.5808,-6.0489,4.22,1.56
Zet Tuc,5.0179,-64.8747,4.23,0.58
16    Per,42.6463,38.3186,4.23,0.34
37Psi Per,54.1225,48.1928,4.23,-0.06
27Tau6Eri,56.7121,-23.2497,4.23,0.42
1    Cen,206.4217,-33.0439,4.23,0.38
The Lup,241.6479,-36.8022,4.23,-0.17
HR,247.8454,-34.7044,4.23,-0.16
22Eps UMi,251.4921,82.0372,4.23,0.89
Chi Cyg,297.6412,32.9142,4.23,1.82
67Sig Cyg,319.3542,39.3947,4.23,0.12
81Pi 2Cyg,326.6983,49.3094,4.23,-0.12
HR,118.3258,-48.1031,4.24,-0.14
Bet Aps,250.7692,-77.5175,4.24,1.06
5Alp1Cap,304.4121,-12.5083,4.24,1.07
HR,17.1863,86.2569,4.25,1.21
42Phi And,17.3758,47.2419,4.25,-0.07
Kap Eri,36.7463,-47.7039,4.25,-0.14
89Pi  Cet,41.0308,-13.8586,4.25,-0.14
Gam Dor,64.0067,-51.4867,4.25,0.30
58    Per,69.1725,41.2647,4.25,1.22
88    Tau,68.9137,10.1608,4.25,0.18
31    Lyn,125.7088,43.1881,4.25,1.55
65Alp Cnc,134.6217,11.8578,4.25,0.14
Alp Ant,156.7879,-31.0678,4.25,1.45
5    UMi,216.8812,75.6961,4.25,1.44
110Omi Psc,26.3483,9.1578,4.26,0.96
35Pi  Aur,89.9838,45.9369,4.26,1.72
Bet Cha,184.5863,-79.3122,4.26,-0.12
8Bet CVn,188.4354,41.3575,4.26,0.59
43Bet Com,197.9683,27.8781,4.26,0.57
93Tau Vir,210.4117,1.5444,4.26,0.10
11Phi Her,242.1925,44.9350,4.26,-0.07
56Omi Ser,265.3537,-12.8753,4.26,0.08
87Mu  Cet,41.2354,10.1142,4.27,0.31
HR,49.9821,-43.0697,4.27,0.71
19Tau5Eri,53.4471,-21.6328,4.27,-0.11
90    Tau,69.5396,12.5108,4.27,0.12
69Lam Eri,77.2867,-8.7542,4.27,-0.19
Gam1Vel,122.3721,-47.3458,4.27,-0.23
HR,193.3592,-40.1789,4.27,0.21
Xi 2Cen,196.7275,-49.9061,4.27,-0.19
Mu  Lup,229.6333,-47.8750,4.27,-0.08
12Gam2Del,311.6646,16.1242,4.27,1.04
33Iot Aqr,331.6092,-13.8697,4.27,-0.07
71Eps Psc,15.7358,7.8900,4.28,0.96
73Xi 2Cet,37.0396,8.4600,4.28,-0.06
10    Tau,54.2183,0.4017,4.28,0.58
69Ups Tau,66.5771,22.8136,4.28,0.26
94Tau Tau,70.5613,22.9569,4.28,-0.13
75Sig Gem,115.8279,28.8836,4.28,1.12
HR,159.8267,-55.6033,4.28,1.04
Bet Hya,178.2275,-33.9081,4.28,-0.10
8Phi Oph,247.7846,-16.6128,4.28,0.92
32Iot Cap,320.5617,-16.8344,4.28,0.90
The Gru,346.7200,-43.5206,4.28,0.42
10The Psc,351.9921,6.3789,4.28,1.07
47Lam Per,61.6458,50.3514,4.29,0.02
49Mu  Tau,63.8838,8.8922,4.29,-0.06
68Del3Tau,66.3725,17.9281,4.29,0.05
9Alp Cam,73.5125,66.3428,4.29,0.03
6Lam Lep,79.8937,-13.1767,4.29,-0.26
HR,144.2717,81.3264,4.29,1.48
45    Oph,261.8388,-29.8669,4.29,0.40
HR,264.1367,-38.6353,4.29,1.09
Bet2Sgr,290.8050,-44.7997,4.29,0.34
10Nu  Cep,326.3621,61.1208,4.29,0.52
17Xi  Cep,330.9475,64.6278,4.29,0.34
29Pi 2Peg,332.4967,33.1783,4.29,0.46
17Bet PsA,337.8762,-32.3461,4.29,0.01
17Iot And,354.5342,43.2681,4.29,-0.10
19    Tau,56.3021,24.4672,4.30,-0.11
7Eta Hya,130.8063,3.3986,4.30,-0.20
91Ups Leo,174.2371,-0.8239,4.30,1.00
12Del2Lyr,283.6258,36.8989,4.30,1.68
33    Cyg,303.3496,56.5678,4.30,0.11
Alp Scl,14.6517,-29.3575,4.31,-0.16
4Lam Leo,142.9300,22.9681,4.31,1.54
8Eta Crv,188.0175,-16.1961,4.31,0.38
51Mu 1Boo,231.1225,37.3772,4.31,0.31
54    Eri,70.1104,-19.6717,4.32,1.61
4Gam CMi,112.0408,8.9256,4.32,1.43
12    Hya,131.5938,-13.5478,4.32,0.90
HR,177.4213,-63.7883,4.32,-0.15
Del Oct,216.7287,-83.6678,4.32,1.31
Omi Lup,222.9100,-43.5756,4.32,-0.15
16Zet UMi,236.0146,77.7944,4.32,0.04
10Ome2Sco,241.8513,-20.8686,4.32,0.84
71    Aql,309.5846,-1.1053,4.32,0.95
33The Cas,17.7758,55.1497,4.33,0.17
113Alp Psc,30.5117,2.7636,4.33,0.03
4Xi 1CMa,97.9637,-23.4183,4.33,-0.24
HR,130.1542,-59.7611,4.33,-0.11
The1Cru,180.7562,-63.3128,4.33,0.27
HR,193.2788,-48.9433,4.33,1.37
HR,215.0813,-56.3867,4.33,0.12
Ome Lup,234.5133,-42.5675,4.33,1.42
53Nu  Ser,260.2071,-12.8469,4.33,0.03
1Kap Lyr,274.9654,36.0644,4.33,1.17
29Zet Mon,122.1483,-2.9839,4.34,0.97
HR,139.0508,-57.5414,4.34,1.63
Ups2Cen,210.4308,-45.6036,4.34,0.60
2    Lup,229.4579,-30.1489,4.34,1.10
49Sig Oph,261.6288,4.1403,4.34,1.50
9Iot PsA,326.2367,-33.0258,4.34,-0.05
9    Peg,326.1279,17.3500,4.34,1.17
The2Eri,44.5679,-40.3044,4.35,0.08
57Del Ari,47.9075,19.7267,4.35,1.03
Del Dor,86.1933,-65.7356,4.35,0.21
44Kap Aur,93.8446,29.4981,4.35,1.02
15    Lyn,104.3188,58.4225,4.35,0.85
Eps Vol,121.9825,-68.6172,4.35,-0.11
The Cha,125.1604,-77.4844,4.35,1.16
HR,144.2067,-49.3553,4.35,0.17
Tau2Lup,216.5450,-45.3794,4.35,0.43
Pi  Pav,272.1450,-63.6683,4.35,0.22
29Pi  And,9.2204,33.7194,4.36,-0.14
Eta Phe,10.8383,-57.4631,4.36,0.00
35Sig Per,52.6438,47.9953,4.36,1.35
37    Tau,61.1737,22.0819,4.36,1.07
2Pi 2Ori,72.6529,8.9003,4.36,0.01
4Kap Lep,78.3079,-12.9414,4.36,-0.10
Gam Col,89.3842,-35.2833,4.36,-0.18
13Rho Hya,132.1083,5.8378,4.36,-0.04
15Gam Com,186.7346,28.2683,4.36,1.13
Chi Cen,211.5117,-41.1797,4.36,-0.19
102    Her,272.1896,20.8144,4.36,-0.16
23Del UMi,263.0538,86.5864,4.36,0.02
Xi  Pav,275.8067,-61.4939,4.36,1.48
6Zet1Lyr,281.1933,37.6050,4.36,0.19
111    Her,281.7554,18.1814,4.36,0.13
21The Lyr,289.0921,38.1336,4.36,1.26
41Iot Aql,294.1804,-1.2864,4.36,-0.08
5    Lac,337.3825,47.7069,4.36,1.68
Bet1Tuc,7.8863,-62.9581,4.37,-0.07
30Eps And,9.6387,29.3117,4.37,0.87
65Xi 1Cet,33.2500,8.8467,4.37,0.89
Kap Col,94.1379,-35.1406,4.37,1.00
20Iot CMa,104.0342,-17.0542,4.37,-0.07
31    Leo,151.9762,9.9975,4.37,1.45
5Alp Sge,295.0242,18.0139,4.37,0.78
6Bet Sge,295.2621,17.4761,4.37,1.05
The1Sgr,299.9342,-35.2764,4.37,-0.15
Bet Scl,353.2429,-37.8183,4.37,-0.09
119    Tau,83.0533,18.5944,4.38,2.07
51The Vir,197.4875,-5.5389,4.38,-0.01
25Iot Oph,253.5021,10.1653,4.38,-0.08
61Ome Eri,73.2237,-5.4528,4.39,0.25
HR,98.7442,-52.9756,4.39,-0.02
HR,120.5662,2.3344,4.39,1.25
HR,165.0387,-42.2258,4.39,0.11
40Xi  Oph,260.2508,-21.1128,4.39,0.39
20Eta Lyr,288.4396,39.1461,4.39,-0.15
1Kap Cep,302.2221,77.7114,4.39,-0.05
The Ind,319.9667,-53.4497,4.39,0.19
93Psi2Aqr,349.4758,-9.1825,4.39,-0.15
99    Aqr,351.5117,-20.6419,4.39,1.47
HR,102.4637,-53.6222,4.40,0.92
30Tau CMa,109.6767,-24.9542,4.40,-0.15
16    Pup,122.2567,-19.2450,4.40,-0.15
110    Vir,225.7250,2.0914,4.40,1.04
Del Ind,329.4796,-54.9925,4.40,0.28
68Ups Peg,351.3450,23.4042,4.40,0.61
Psi Phe,28.4117,-46.3025,4.41,1.59
37Phi1Ori,83.7050,9.4894,4.41,-0.16
54Chi1Ori,88.5954,20.2761,4.41,0.59
46Tau Gem,107.7850,30.2453,4.41,1.26
HR,119.5600,-49.2450,4.41,-0.17
53Xi  UMa,169.5458,31.5292,4.41,0.59
58    Hya,222.5721,-27.9603,4.41,1.40
76Lam Her,262.6846,26.1106,4.41,1.44
94Nu  Her,269.6258,30.1894,4.41,0.39
33Pi  Cep,346.9746,75.3875,4.41,0.80
Gam Scl,349.7058,-32.5319,4.41,1.13
30    Psc,0.4900,-6.0142,4.41,1.63
38Eta And,14.3017,23.4175,4.42,0.94
26Pi  Eri,56.5354,-12.1017,4.42,1.63
67Nu  Ori,91.8929,14.7683,4.42,-0.17
60    Leo,165.5825,20.1797,4.42,0.05
HR,215.7592,-39.5122,4.42,-0.18
Sig Lup,218.1537,-50.4569,4.42,-0.19
7Chi Oph,246.7558,-18.4564,4.42,0.28
3    Aqr,311.9342,-5.0278,4.42,1.65
55Zet2Aqr,337.2087,-0.0200,4.42,0.38
63Del Psc,12.1708,7.5850,4.43,1.50
40Omi2Eri,63.8179,-7.6528,4.43,0.82
8Nu 3CMa,99.4725,-18.2375,4.43,1.15
30Zet Boo,220.2871,13.7283,4.43,0.05
27Lam Ser,236.6108,7.3531,4.43,0.60
39    Cyg,305.9654,32.1900,4.43,1.33
11Del Del,310.8646,15.0744,4.43,0.32
66Ups Cyg,319.4796,34.8969,4.43,-0.11
3Bet Lac,335.8900,52.2292,4.43,1.02
7    Cet,3.6600,-18.9328,4.44,1.66
106Nu  Psc,25.3579,5.4875,4.44,1.36
Eps Ret,64.1204,-59.3019,4.44,1.08
8Eps Mon,95.9421,4.5928,4.44,0.18
HR,123.5121,-40.3481,4.44,1.17
5Sig Hya,129.6892,3.3414,4.44,1.21
Kap Pav,284.2375,-67.2336,4.44,0.71
6Alp Vul,292.1762,24.6650,4.44,1.50
Alp Cae,70.1404,-41.8639,4.45,0.34
3Iot Lep,78.0746,-11.8692,4.45,-0.10
HR,113.5133,-22.2961,4.45,0.51
HR,122.8396,-39.6186,4.45,1.62
HR,124.6388,-36.6594,4.45,0.22
HR,135.0225,-41.2539,4.45,0.65
HR,158.8971,-57.5578,4.45,1.62
Del2Cha,161.4450,-80.5403,4.45,-0.19
9Ome Oph,248.0342,-21.4664,4.45,0.13
68    Oph,270.4383,1.3053,4.45,0.02
60Tau Dra,288.8875,73.3556,4.45,1.25
38Mu  Aql,293.5225,7.3789,4.45,1.17
Bet For,42.2725,-32.4058,4.46,0.99
17Rho Ori,78.3229,2.8611,4.46,1.19
1Kap Leo,141.1637,26.1822,4.46,1.23
HR,177.7862,-45.1736,4.46,1.30
28Sig Boo,218.6700,29.7450,4.46,0.36
Lam Gru,331.5288,-39.5433,4.46,1.37
11    Lac,340.1288,44.2764,4.46,1.33
22Gam PsA,343.1317,-32.8756,4.46,-0.04
1Tau1Eri,41.2758,-18.5725,4.47,0.48
HR,50.0850,29.0483,4.47,1.55
HR,57.3800,65.5261,4.47,1.88
7    Cam,74.3217,53.7522,4.47,-0.02
10Pi 6Ori,74.6371,1.7142,4.47,1.40
18    Mon,101.9650,2.4122,4.47,1.11
74Phi Leo,169.1654,-3.6517,4.47,0.21
HR,182.0217,-50.6614,4.47,-0.15
Eps Nor,246.7962,-47.5550,4.47,-0.07
86    Aqr,346.6704,-23.7431,4.47,0.90
70Xi  Ori,92.9850,14.2089,4.48,-0.18
2    Lyn,94.9058,59.0108,4.48,0.01
Lam CMa,97.0421,-32.5800,4.48,-0.17
15    UMa,137.2179,51.6047,4.48,0.27
HR,136.2867,-72.6028,4.48,0.61
21    LMi,151.8575,35.2447,4.48,0.18
11Bet Crt,167.9146,-22.8258,4.48,0.03
13The Cyg,294.1104,50.2211,4.48,0.38
Del Tuc,336.8333,-64.9664,4.48,-0.03
71    Tau,66.5867,15.6183,4.49,0.25
30    Gem,100.9971,13.2278,4.49,1.16
HR,108.1400,-46.7594,4.49,0.32
HR,118.1613,-38.8631,4.49,-0.19
HR,131.6771,-56.7697,4.49,-0.17
15Alp Sex,151.9846,-0.3717,4.49,-0.04
16    Lib,224.2958,-4.3464,4.49,0.32
7Del Equ,318.6204,10.0069,4.49,0.50
HR,333.4696,39.7150,4.49,1.39
105Ome2Aqr,355.6804,-14.5450,4.49,-0.04
13    Mon,98.2258,7.3331,4.50,0.00
HR,114.7054,-26.8017,4.50,-0.17
Omi Pup,117.0217,-25.9372,4.50,-0.05
26    UMa,143.7062,52.0514,4.50,0.01
HR,155.2283,-56.0431,4.50,-0.12
54    Leo,163.9033,24.7497,4.50,0.01
4Tau Boo,206.8154,17.4567,4.50,0.48
4Psi Oph,246.0258,-20.0375,4.50,1.01
24    Cap,316.7821,-25.0058,4.50,1.61
14Mu  PsA,332.0958,-32.9886,4.50,0.05
18Lam Psc,355.5117,1.7800,4.50,0.20
Eps Tuc,359.9792,-65.5772,4.50,-0.08
83Tau Psc,17.9150,30.0897,4.51,1.09
39    Ari,41.9771,29.2472,4.51,1.11
Gam Ret,60.2242,-62.1594,4.51,1.65
50Ups1Eri,68.3775,-29.7667,4.51,0.98
Gam Pic,87.4571,-56.1667,4.51,1.10
Eps Ant,142.3113,-35.9514,4.51,1.44
Gam Cir,230.8446,-59.3208,4.51,0.19
67Rho Dra,300.7046,67.8736,4.51,1.32
Eta Ind,311.0096,-51.9211,4.51,0.27
HR,311.3379,57.5797,4.51,0.54
13Nu  Aqr,317.3987,-11.3717,4.51,0.94
36    Cap,322.1808,-21.8072,4.51,0.91
6    Lac,337.6221,43.1233,4.51,-0.09
25Sig And,4.5821,36.7853,4.52,0.05
Iot Cas,37.2667,67.4025,4.52,0.12
29Tau Aur,87.2938,39.1811,4.52,0.94
HR,144.8375,-61.3281,4.52,-0.07
100Lam Vir,214.7775,-13.3711,4.52,0.13
21Iot Ser,235.3879,19.6703,4.52,0.04
75Rho Her,260.9208,37.1458,4.52,-0.03
59    Sgr,299.2367,-27.1700,4.52,1.46
23    Vul,303.9421,27.8142,4.52,1.26
55    Peg,346.7512,9.4094,4.52,1.57
7    And,348.1375,49.4064,4.52,0.29
35Nu  And,12.4533,41.0789,4.53,-0.15
17    Per,42.8783,35.0597,4.53,1.56
HR,90.0142,-3.0742,4.53,1.22
HR,114.3421,-34.9686,4.53,-0.09
93    Leo,176.9963,20.2189,4.53,0.55
HR,200.6579,-60.9883,4.53,-0.13
HR,201.0021,-64.5358,4.53,0.85
Eps Tel,272.8075,-45.9544,4.53,1.01
54Lam Cyg,311.8521,36.4908,4.53,-0.11
4Bet Psc,345.9692,3.8200,4.53,-0.12
Bet2Tuc,7.8900,-62.9658,4.54,0.15
22Omi Cas,11.1812,48.2844,4.54,-0.07
48    Cas,30.4892,70.9069,4.54,0.16
HR,52.4787,58.8786,4.54,0.56
16    Aur,79.5446,33.3717,4.54,1.27
5Xi 2CMa,98.7642,-22.9647,4.54,-0.05
6    CMi,112.4492,12.0067,4.54,1.28
17Kap2Boo,213.3708,51.7903,4.54,0.20
43Psi Boo,226.1112,26.9475,4.54,1.24
24Iot1Lib,228.0554,-19.7917,4.54,-0.08
Phi2Lup,230.7892,-36.8586,4.54,-0.15
HR,233.9717,-44.9586,4.54,-0.18
HR,261.6579,-5.0867,4.54,0.39
3    Sgr,266.8900,-27.8308,4.54,0.80
7Rho Cas,358.5958,57.4994,4.54,1.22
Gam1Cae,76.1017,-35.4833,4.55,1.20
HR,105.0167,76.9775,4.55,1.36
10    LMi,143.5558,36.3975,4.55,0.92
37Xi  Boo,222.8471,19.1011,4.55,0.76
19Omi Sco,245.1592,-24.1694,4.55,0.84
63    Cyg,316.6504,47.6483,4.55,1.57
70    Peg,352.2888,12.7606,4.55,0.94
2    Cet,0.9350,-17.3361,4.55,-0.05
Del Ret,59.6863,-61.4003,4.56,1.62
HR,136.6325,38.4522,4.56,1.04
24    UMa,143.6204,69.8303,4.56,0.77
3    Cen,207.9567,-32.9944,4.56,-0.13
Tau1Lup,216.5342,-45.2214,4.56,-0.15
11    Cep,325.4804,71.3114,4.56,1.10
47Ome Ori,84.7963,4.1214,4.57,-0.11
32Tau2Hya,142.9954,-1.1850,4.57,0.10
HR,154.9033,-55.0294,4.57,1.62
HR,160.8837,-60.5667,4.57,1.71
24Ome Her,246.3542,14.0333,4.57,0.00
HR,272.0208,-28.4572,4.57,0.94
2    Peg,322.4871,23.6389,4.57,1.62
2    Lac,335.2567,46.5367,4.57,-0.10
4    Lac,336.1292,49.4764,4.57,0.09
Del Scl,357.2317,-28.1303,4.57,0.01
HR,54.2737,-40.2747,4.58,1.04
136    Tau,88.3317,27.6122,4.58,-0.02
Kap Pyx,137.0121,-25.8583,4.58,1.59
HR,147.9200,-46.5478,4.58,1.20
31Psi1Dra,265.4846,72.1489,4.58,0.42
13    Vul,298.3654,24.0797,4.58,-0.06
62    Sgr,300.6646,-27.7097,4.58,1.65
Mu  Phe,10.3317,-46.0850,4.59,0.97
HR,55.7088,-37.3136,4.59,1.20
30Psi2Ori,81.7092,3.0956,4.59,-0.21
42    Ori,83.8467,-4.8383,4.59,-0.19
1    Pup,115.8850,-28.4111,4.59,1.63
30Phi UMa,148.0267,54.0644,4.59,0.03
2    Sco,238.4029,-25.3272,4.59,-0.07
13    Sco,243.0758,-27.9264,4.59,-0.16
1Sig Ara,263.9150,-46.5056,4.59,-0.03
113    Her,283.6871,22.6450,4.59,0.78
Del CrA,287.0871,-40.4967,4.59,1.09
58Pi  Dra,290.1671,65.7147,4.59,0.02
31    Vul,313.0321,27.0969,4.59,0.83
55Zet1Aqr,337.2071,-0.0203,4.59,0.00
11Bet Mon,97.2042,-7.0328,4.60,-0.10
4Pi 2UMa,130.0533,64.3278,4.60,1.17
31Tau1Hya,142.2871,-2.7689,4.60,0.46
40Ups2Hya,151.2812,-13.0647,4.60,-0.09
Iot Ant,164.1796,-37.1378,4.60,1.03
HR,168.1500,-60.3175,4.60,0.55
HR,198.0725,-59.9208,4.60,-0.08
35Omi Boo,221.3104,16.9644,4.60,0.98
HR,224.3958,65.9325,4.60,1.59
HR,231.3342,-38.7336,4.60,0.00
52    Sgr,294.1767,-24.8836,4.60,-0.07
62Tau Peg,350.1592,23.7403,4.60,0.17
33    Psc,1.3337,-5.7075,4.61,1.04
24The And,4.2729,38.6817,4.61,0.06
HR,64.5608,50.2956,4.61,0.04
HR,119.9667,-18.3992,4.61,0.08
HR,166.6350,-62.4242,4.61,1.03
46Ups Sgr,290.4317,-15.9550,4.61,0.10
47    Cyg,308.4758,35.2508,4.61,1.60
111Xi  Psc,28.3887,3.1875,4.62,0.94
36Ups Ori,82.9825,-7.3014,4.62,-0.26
HR,114.7075,-26.8036,4.62,0.00
HR,130.9183,-7.2336,4.62,0.84
HR,138.9379,-37.4133,4.62,0.45
HR,173.6904,-54.2642,4.62,-0.08
Lam Cru,193.6633,-59.1467,4.62,-0.15
37    Lib,233.5446,-10.0644,4.62,1.01
1Chi Her,238.1688,42.4517,4.62,0.56
57Mu  Oph,264.4613,-8.1189,4.62,0.11
57Zet Ser,270.1208,-3.6903,4.62,0.38
63The1Ser,284.0550,4.2036,4.62,0.17
28Ups2Cas,14.1658,59.1811,4.63,0.96
48Eps Ari,44.8029,21.3403,4.63,0.04
48Eps Ari,44.8029,21.3403,4.63,0.04
28Ome Per,47.8225,39.6117,4.63,1.11
Gam Cam,57.5896,71.3322,4.63,0.03
62Chi2Ori,90.9800,20.1383,4.63,0.28
HR,118.2654,-49.6131,4.63,-0.23
63Chi Leo,166.2542,7.3361,4.63,0.33
72    Leo,168.8008,23.0956,4.63,1.66
10Del CrB,237.3988,26.0683,4.63,0.80
Iot1Nor,240.8829,-57.7753,4.63,0.24
3Ups Oph,246.9504,-8.3717,4.63,0.17
9    Lac,339.3433,51.5453,4.63,0.24
102Iot Tau,75.7738,21.5900,4.64,0.16
HR,109.1458,-27.8811,4.64,1.60
21    Lyn,111.6783,49.2114,4.64,-0.02
HR,113.8450,-28.3694,4.64,-0.11
HR,189.9688,-39.9875,4.64,-0.08
HR,235.2971,-44.6611,4.64,0.40
1    Sco,237.7446,-25.7514,4.64,-0.05
66    Oph,270.0658,4.3686,4.64,-0.03
71    Oph,271.8267,8.7339,4.64,0.96
Nu  Pav,277.8433,-62.2783,4.64,-0.11
The CrA,278.3758,-42.3125,4.64,1.01
15    Vul,300.2754,27.7536,4.64,0.18
85Phi Psc,18.4371,24.5836,4.65,1.04
33Tau8Eri,58.4275,-24.6125,4.65,-0.13
86Rho Tau,68.4621,14.8444,4.65,0.25
7Pi 1Ori,73.7242,10.1508,4.65,0.09
HR,88.5254,-63.0900,4.65,1.05
38    Gem,103.6612,13.1778,4.65,0.30
HR,112.6771,-30.9622,4.65,0.93
HR,191.5946,-56.4889,4.65,-0.16
HR,206.6638,-51.4328,4.65,0.96
10    Dra,207.8579,64.7233,4.65,1.58
Eta Nor,240.8038,-49.2297,4.65,0.92
20    Oph,252.4583,-10.7831,4.65,0.47
69    Her,259.4179,37.2917,4.65,0.05
HR,274.5133,-27.0425,4.65,1.66
3    And,346.0458,50.0522,4.65,1.06
84Chi Psc,17.8633,21.0347,4.66,1.03
35    Ari,40.8629,27.7072,4.66,-0.13
36Tau9Eri,59.9813,-24.0164,4.66,-0.13
15    Mon,100.2446,9.8956,4.66,-0.25
27    CMa,108.5633,-26.3525,4.66,-0.19
HR,109.5767,-36.7342,4.66,-0.10
43Gam Cnc,130.8212,21.4686,4.66,0.02
HR,156.8517,-57.6389,4.66,0.51
HR,159.6879,-59.1831,4.66,1.48
8Pi  Vir,180.2183,6.6142,4.66,0.13
26Chi Vir,189.8117,-7.9956,4.66,1.23
HR,190.6475,-48.8131,4.66,1.09
83    UMa,205.1846,54.6817,4.66,1.64
47Omi Dra,282.8004,59.3883,4.66,1.19
32Nu  Aql,291.6296,0.3386,4.66,0.60
52Pi  Aqr,336.3192,1.3775,4.66,-0.03
84Psi Peg,359.4396,25.1414,4.66,1.59
53Chi Cet,27.3962,-10.6864,4.67,0.33
34    Per,52.3421,49.5089,4.67,-0.09
18The Lep,91.5387,-14.9353,4.67,0.05
14Tau UMa,137.7296,63.5136,4.67,0.35
3Psi1Lup,234.9417,-34.4119,4.67,0.99
93    Her,270.0142,16.7508,4.67,1.26
Gam Mic,315.3229,-32.2578,4.67,0.89
80Pi 1Cyg,325.5237,51.1897,4.67,-0.12
11    Ori,76.1421,15.4042,4.68,-0.06
19Pi  CMa,103.9058,-20.1364,4.68,0.37
28    Mon,120.3054,-1.3925,4.68,1.49
HR,144.6137,4.6492,4.68,1.32
Del1Aps,245.0867,-78.6958,4.68,1.69
Zet Sct,275.9146,-8.9342,4.68,0.95
61Sig Dra,293.0900,69.6611,4.68,0.79
4Zet Del,308.8271,14.6742,4.68,0.11
39Eps Cap,324.2700,-19.4661,4.68,-0.17
Eta2Hyi,28.7337,-67.6472,4.69,0.95
Nu  For,31.1225,-29.2969,4.69,-0.17
73Pi  Tau,66.6517,14.7136,4.69,0.98
92Sig2Tau,69.8188,15.9181,4.69,0.15
HR,134.0808,-52.7236,4.69,-0.12
Lam Pyx,140.8012,-28.8339,4.69,0.92
HR,141.8267,-22.3439,4.69,1.14
Iot Cru,191.4079,-60.9811,4.69,1.05
74    Vir,202.9913,-6.2558,4.69,1.62
Gam1Sgr,271.2554,-29.5800,4.69,0.78
12Phi Cyg,294.8442,30.1533,4.69,0.97
5Gam Equ,317.5854,10.1317,4.69,0.26
23Xi  Aqr,324.4379,-7.8542,4.69,0.17
Eps Ind,330.8400,-56.7861,4.69,1.06
31Omi Aqr,330.8288,-2.1553,4.69,-0.06
66    Aqr,340.8971,-18.8303,4.69,1.37
89    Aqr,347.4783,-22.4575,4.69,0.65
22Pi  Per,44.6904,39.6628,4.70,0.06
91Lam Cet,44.9288,8.9075,4.70,-0.12
HR,114.5750,-25.3647,4.70,-0.11
29Pi  Leo,150.0533,8.0442,4.70,1.60
21The Crt,174.1704,-9.8022,4.70,-0.08
Omi Hya,175.0533,-34.7447,4.70,-0.07
24    CVn,203.6137,49.0161,4.70,0.12
Gam Sct,277.2996,-14.5658,4.70,0.06
58Ome Sgr,298.9600,-26.2994,4.70,0.75
39Chi Cas,23.4829,59.2319,4.71,1.00
65    And,36.4058,50.2786,4.71,1.53
52    Per,63.7221,40.4836,4.71,1.01
15Lam Aur,79.7854,40.0992,4.71,0.63
HR,80.1121,-21.2394,4.71,-0.05
31    Ori,82.4333,-1.0922,4.71,1.57
HR,117.0846,-47.0778,4.71,1.06
HR,136.4096,-70.5389,4.71,-0.15
37    LMi,159.6800,31.9761,4.71,0.81
45Ome UMa,163.4946,43.1900,4.71,-0.05
HR,196.5696,-48.4636,4.71,-0.14
HR,209.4121,-63.6867,4.71,1.11
59Xi  Aql,298.5621,8.4614,4.71,1.05
Eps Mic,319.4846,-32.1725,4.71,0.06
HR,343.6033,84.3461,4.71,1.43
101    Aqr,353.3192,-20.9144,4.71,0.02
Iot Phe,353.7692,-42.6150,4.71,0.08
Kap Ret,52.3446,-62.9375,4.72,0.40
Zet Dor,76.3775,-57.4728,4.72,0.52
19    Pup,122.8179,-12.9269,4.72,0.95
The Pyx,140.3733,-25.9656,4.72,1.63
Mu  Mus,177.0596,-66.8147,4.72,1.54
The2Cru,181.0800,-63.1656,4.72,-0.08
Pi  Lup,226.2800,-47.0511,4.72,-0.14
Del Nor,241.6225,-45.1733,4.72,0.23
Del Sct,280.5683,-9.0525,4.72,0.35
14Lam Cas,7.9433,54.5222,4.73,-0.10
17    Eri,52.6546,-5.0753,4.73,-0.09
HR,57.1496,-37.6206,4.73,-0.03
22    Ori,80.4404,-0.3825,4.73,-0.17
27Zet Crt,176.1908,-18.3508,4.73,0.97
20    CVn,199.3854,40.5725,4.73,0.30
4    Cen,208.3021,-31.9278,4.73,-0.14
Zet1Sco,253.4988,-42.3622,4.73,0.49
41    Oph,259.1529,-0.4453,4.73,1.14
6Mu  Aqr,313.1633,-8.9833,4.73,0.32
9    Cep,324.4800,62.0819,4.73,0.30
43Kap Cap,325.6646,-18.8664,4.73,0.88
78Mu 1Cyg,326.0358,28.7428,4.73,0.48
36Psi Cas,21.4833,68.1300,4.74,1.05
4Omi1Ori,73.1333,14.2506,4.74,1.84
31Ups Aur,87.7600,37.3056,4.74,1.62
30    LMi,156.4787,33.7961,4.74,0.25
HR,157.5838,-71.9931,4.74,0.04
61    Leo,165.4571,-2.4847,4.74,1.62
11    Com,185.1792,17.7928,4.74,1.01
61    Vir,199.6013,-18.3114,4.74,0.71
HR,207.9479,34.4442,4.74,1.66
43Kap Lib,235.4867,-19.6789,4.74,1.57
8    Cyg,292.9429,34.4531,4.74,-0.14
59    Cyg,314.9567,47.5211,4.74,-0.05
HR,341.8708,83.1539,4.74,1.26
HR,354.4625,-45.4925,4.74,0.08
5Gam2Ari,28.3825,19.2936,4.75,-0.04
76Sig Cet,38.0217,-15.2447,4.75,0.45
HR,39.9500,-42.8917,4.75,0.06
2Tau2Eri,42.7596,-21.0042,4.75,0.91
Nu  Hyi,42.6187,-75.0669,4.75,1.33
HR,122.8579,-42.9872,4.75,0.18
HR,158.3079,40.4256,4.75,0.23
HR,212.4783,-53.4392,4.75,0.94
21Iot Boo,214.0413,51.3672,4.75,0.20
4Psi2Lup,235.6708,-34.7106,4.75,-0.14
Zet CrA,285.7788,-42.0953,4.75,-0.02
34Omi Cep,349.6562,68.1117,4.75,0.84
17Phi1Cet,11.0475,-10.6094,4.76,1.01
90Ups Psc,19.8667,27.2642,4.76,0.03
HR,46.3850,56.7058,4.76,1.02
25Chi Aur,83.1821,32.1919,4.76,0.34
HR,108.6592,-48.2717,4.76,-0.10
HR,122.2529,-61.3025,4.76,0.43
8Rho UMa,135.6362,67.6297,4.76,1.53
69    Vir,201.8633,-15.9736,4.76,1.09
44    Boo,225.9475,47.6544,4.76,0.65
38Rho Ser,237.8162,20.9778,4.76,1.54
6Ups Her,240.6996,46.0367,4.76,-0.11
16Tau CrB,242.2429,36.4908,4.76,1.01
4    Sgr,269.9483,-23.8161,4.76,-0.04
8Nu  Cap,305.1658,-12.7592,4.76,-0.05
Phi1Pav,308.8950,-60.5817,4.76,0.28
56    Peg,346.7783,25.4683,4.76,1.34
Lam1Phe,7.8542,-48.8036,4.77,0.02
20    Cet,13.2521,-1.1442,4.77,1.57
17    Mon,101.8325,8.0372,4.77,1.40
HR,130.3046,-47.3169,4.77,0.12
HR,145.3208,-23.5917,4.77,-0.12
87    Leo,172.5788,-3.0036,4.77,1.54
HR,215.1771,-45.1872,4.77,0.31
51    Hya,215.7742,-27.7539,4.77,1.31
Xi  Sco,241.0921,-11.3731,4.77,0.47
Lam Ara,265.0983,-49.4156,4.77,0.40
45    Dra,278.1438,57.0456,4.77,0.61
1    Vul,289.0542,21.3903,4.77,-0.05
HR,300.8896,-37.9408,4.77,1.41
HR,67.6404,16.1939,4.78,0.17
2    Aur,73.1583,36.7031,4.78,1.41
HR,83.7612,-6.0019,4.78,-0.25
56    Ori,88.1100,1.8550,4.78,1.38
HR,123.3733,-35.8997,4.78,-0.11
55    UMa,169.7829,38.1856,4.78,0.12
36    Com,194.7308,17.4094,4.78,1.56
HR,244.5746,-28.6139,4.78,0.02
Zet Aps,260.4975,-67.7706,4.78,1.21
HR,303.8163,25.5919,4.78,-0.18
11Rho Cap,307.2150,-17.8136,4.78,0.38
57    Cyg,313.3117,44.3872,4.78,-0.14
The Oct,0.3987,-77.0658,4.78,1.27
9Lam Ari,29.4821,23.5961,4.79,0.28
32    Eri,58.5729,-2.9547,4.79,0.94
64    Eri,74.9825,-12.5375,4.79,0.26
50Psi2Aur,99.8329,42.4889,4.79,1.23
HR,109.1533,-23.3156,4.79,1.71
HR,119.4171,-30.3347,4.79,0.15
26    Hya,139.9433,-11.9750,4.79,0.93
The Ant,146.0504,-27.7694,4.79,0.51
40    Leo,154.9338,19.4708,4.79,0.45
40Psi Vir,193.5883,-9.5389,4.79,1.60
22    Sco,247.5517,-25.1150,4.79,-0.11
HR,281.3621,-64.8714,4.79,0.20
24    Cep,332.4517,72.3411,4.79,0.92
Mu 1Gru,333.9038,-41.3467,4.79,0.80
35    Peg,336.9646,4.6956,4.79,1.05
43Omi Peg,340.4392,29.3075,4.79,-0.01
89Chi Peg,3.6508,20.2067,4.80,1.57
19Xi  Cas,10.5162,50.5125,4.80,-0.11
13Zet Eri,48.9583,-8.8197,4.80,0.23
HR,56.5096,63.3450,4.80,0.80
64Del2Tau,66.0242,17.4439,4.80,0.15
49    Ori,84.7212,-7.2131,4.80,0.13
HR,94.7117,69.3197,4.80,0.03
13Sig2UMa,137.5967,67.1347,4.80,0.49
27    Hya,140.1208,-9.5558,4.80,0.93
5    CVn,186.0062,51.5622,4.80,0.87
41    Com,196.7946,27.6247,4.80,1.48
Eta Mus,198.8121,-67.8944,4.80,-0.08
60Sig Vir,199.4013,5.4697,4.80,1.67
28Ome Dra,264.2379,68.7581,4.80,0.43
HR,359.6033,51.3886,4.80,1.83
Eta Scl,6.9821,-33.0072,4.81,1.64
65Psi Eri,75.3596,-7.1739,4.81,-0.19
Del Pic,92.5746,-54.9686,4.81,-0.23
HR,140.2367,-62.4047,4.81,0.94
HR,143.7658,39.6214,4.81,0.99
12    Com,185.6263,25.8461,4.81,0.49
23    Com,188.7129,22.6292,4.81,0.00
HR,214.4992,35.5094,4.81,1.06
105Phi Vir,217.0504,-2.2281,4.81,0.70
34    Boo,220.8558,26.5278,4.81,1.66
41Ome Boo,225.5271,25.0081,4.81,1.50
51    Oph,262.8542,-23.9628,4.81,0.00
Iot2Sco,267.5467,-40.0906,4.81,0.26
21    Sgr,276.3375,-20.5417,4.81,1.31
34    Cyg,304.4467,38.0331,4.81,0.42
32    Peg,335.3304,28.3306,4.81,0.00
Nu  Tuc,338.2504,-61.9822,4.81,1.61
HR,13.2671,61.1242,4.82,0.53
58    And,32.1221,37.8592,4.82,0.12
HR,49.6825,34.2228,4.82,1.49
15    Ori,77.4250,15.5972,4.82,0.32
139    Tau,89.4988,25.9539,4.82,-0.06
HR,99.8196,-14.1458,4.82,1.50
HR,120.0833,-63.5675,4.82,-0.17
HR,125.6317,-48.4903,4.82,-0.15
HR,159.3883,-13.3844,4.82,2.68
HR,160.5583,-64.4664,4.82,-0.14
HR,161.0287,-63.9611,4.82,-0.13
HR,186.6317,-51.4508,4.82,-0.14
25    CVn,204.3650,36.2950,4.82,0.23
4    UMi,212.2121,77.5475,4.82,1.36
Pi  Lup,226.2800,-47.0511,4.82,0.00
HR,228.2062,-44.5006,4.82,-0.17
11Kap CrB,237.8079,35.6575,4.82,1.00
50Sig Ser,245.5183,1.0292,4.82,0.34
52    Her,252.3092,45.9833,4.82,0.09
30    Oph,255.2650,-4.2225,4.82,1.48
68    Her,259.3313,33.1000,4.82,-0.17
42    Dra,276.4963,65.5636,4.82,1.19
52Ups Dra,283.5996,71.2972,4.82,1.15
29    Vul,309.6304,21.2011,4.82,-0.02
The1Mic,320.1900,-40.8097,4.82,0.02
57Sig Aqr,337.6617,-10.6781,4.82,-0.06
104    Aqr,355.4408,-17.8164,4.82,0.82
26Ups1Cas,13.7504,58.9728,4.83,1.21
48Ome And,21.9142,45.4067,4.83,0.42
5Gam1Ari,28.3825,19.2958,4.83,0.00
HR,29.2917,-47.3850,4.83,0.88
60    And,33.3054,44.2317,4.83,1.48
96Kap1Cet,49.8404,3.3703,4.83,0.68
Omi Col,79.3713,-34.8953,4.83,1.00
The Dor,78.4392,-67.1853,4.83,1.28
15    CMa,103.3871,-20.2242,4.83,-0.21
HR,107.2129,-39.6558,4.83,-0.18
HR,125.3458,-33.0544,4.83,1.45
18    UMa,139.0471,54.0219,4.83,0.19
HR,155.5817,-41.6500,4.83,1.12
14Eps Crt,171.1525,-10.8594,4.83,1.56
12    Boo,212.5996,25.0917,4.83,0.54
30Zet Boo,220.2871,13.7283,4.83,0.00
44Pi  Ser,240.5738,22.8044,4.83,0.07
18    Dra,250.2296,64.5892,4.83,1.22
HR,267.2937,-31.7033,4.83,-0.04
HR,281.5187,26.6622,4.83,1.20
32Nu 1Sgr,283.5425,-22.7450,4.83,1.41
Eta Sct,284.2654,-5.8461,4.83,1.08
60    Sgr,299.7383,-26.1956,4.83,0.90
30    Cyg,303.3250,46.8158,4.83,0.09
98Mu  Psc,22.5463,6.1439,4.84,1.37
57Gam2And,30.9779,42.3308,4.84,0.03
83Eps Cet,39.8908,-11.8722,4.84,0.45
Zet Hyi,41.3858,-67.6167,4.84,0.06
HR,49.9975,65.6522,4.84,-0.15
47    Tau,63.4850,9.2636,4.84,0.80
HR,114.8642,-38.3083,4.84,-0.19
27    Lyn,122.1142,51.5067,4.84,0.05
36    UMa,157.6567,55.9806,4.84,0.52
HR,158.7729,75.7131,4.84,0.96
58    Leo,165.1400,3.6175,4.84,1.16
29    Her,248.1513,11.4881,4.84,1.49
55    Cyg,312.2346,46.1142,4.84,0.41
22Eta Cap,316.1012,-19.8550,4.84,0.17
22Nu  Peg,331.4200,5.0586,4.84,1.44
56    Cet,29.1675,-22.5269,4.85,1.42
53    Per,65.3883,46.4989,4.85,-0.03
HR,112.4642,-23.0244,4.85,0.23
HR,161.7133,-64.3833,4.85,-0.15
2Xi  Vir,176.3212,8.2583,4.85,0.18
Xi 1Cen,195.8883,-49.5272,4.85,0.02
HR,198.0133,-37.8031,4.85,0.70
19Xi  CrB,245.5242,30.8919,4.85,0.97
HR,251.3242,56.7819,4.85,0.38
42Psi Sgr,288.8850,-25.2567,4.85,0.56
Rho Gru,340.8750,-41.4144,4.85,1.03
Eta Gru,341.4079,-53.5003,4.85,1.18
1    Cas,346.6538,59.4197,4.85,-0.03
8    And,349.4363,49.0153,4.85,1.67
Kap Tuc,18.9421,-68.8761,4.86,0.47
78Nu  Cet,38.9688,5.5933,4.86,0.87
11Mu  Aur,78.3571,38.4844,4.86,0.18
126    Tau,85.3238,16.5339,4.86,-0.13
132    Tau,87.2542,24.5675,4.86,1.01
HR,128.8317,-58.0092,4.86,1.00
HR,130.6062,-53.1139,4.86,-0.17
HR,152.2346,-51.8111,4.86,-0.12
HR,186.6288,-63.1225,4.86,-0.12
20    Boo,214.9383,16.3069,4.86,1.23
31    Boo,220.4117,8.1617,4.86,1.00
Eps Cir,229.4121,-63.6106,4.86,1.25
HR,269.1975,-44.3422,4.86,1.21
74    Oph,275.2171,3.3772,4.86,0.91
56    Sgr,296.5904,-19.7611,4.86,0.93
27    Psc,359.6683,-3.5561,4.86,0.93
8Del Tri,34.2633,34.2242,4.87,0.61
HR,47.9846,74.3936,4.87,0.02
39    Eri,63.5988,-10.2564,4.87,1.17
Lam Col,88.2787,-33.8014,4.87,-0.15
12    Lyn,101.5588,59.4417,4.87,0.08
53Xi  UMa,169.5454,31.5292,4.87,0.00
HR,199.3042,-66.7836,4.87,1.50
HR,256.2058,-34.1228,4.87,0.26
25Nu 2Dra,263.0667,55.1731,4.87,0.28
58    Oph,265.8575,-21.6833,4.87,0.47
HR,281.0808,-35.6419,4.87,-0.18
Lam Tel,284.6154,-52.9386,4.87,-0.05
Eps CrA,284.6808,-37.1075,4.87,0.41
5Tau Cas,356.7646,58.6519,4.87,1.11
46Xi  And,20.5850,45.5289,4.88,1.08
15    Eri,49.5921,-22.5114,4.88,0.90
HR,72.4775,37.4883,4.88,1.44
114    Tau,81.9087,21.9369,4.88,-0.15
81    Gem,116.5308,18.5100,4.88,1.45
9    Hya,130.4304,-15.9433,4.88,1.06
HR,148.5513,-25.9325,4.88,1.23
30Rho Vir,190.4712,10.2356,4.88,0.09
48    Lib,239.5475,-14.2794,4.88,-0.10
24Nu 1Dra,263.0442,55.1842,4.88,0.26
HR,269.4487,-41.7161,4.88,1.65
Rho Pav,309.3971,-61.5300,4.88,0.43
10    Lac,339.8154,39.0503,4.88,-0.20
8Sig Cas,359.7521,55.7550,4.88,-0.07
6    Cet,2.8163,-15.4681,4.89,0.49
25Nu  Cas,12.2088,50.9683,4.89,-0.11
72Rho Cet,36.4875,-12.2906,4.89,-0.03
58Zet Ari,48.7254,21.0444,4.89,-0.01
HR,108.3058,-45.1831,4.89,-0.02
Zet Pyx,129.9271,-29.5611,4.89,0.90
Del Pyx,133.8812,-27.6819,4.89,0.11
HR,157.8408,-53.7156,4.89,0.50
HR,159.3071,-27.4125,4.89,1.62
HR,240.8508,-38.6025,4.89,-0.14
19    Dra,254.0071,65.1347,4.89,0.48
15    Cyg,296.0692,37.3544,4.89,0.95
70    Aql,309.1817,-2.5500,4.89,1.60
Zet Ind,312.3708,-46.2269,4.89,1.52
46    Cet,21.4050,-14.5989,4.90,1.23
Ome For,38.4612,-28.2325,4.90,-0.05
HR,94.9983,-2.9444,4.90,1.60
16    Lyn,104.4046,45.0942,4.90,0.03
63    Aur,107.9138,39.3206,4.90,1.45
71Omi Gem,114.7913,34.5842,4.90,0.40
HR,177.9633,-65.2061,4.90,-0.11
35    Com,193.3242,21.2450,4.90,0.90
37    Com,195.0687,30.7850,4.90,1.17
42    Her,249.6871,48.9283,4.90,1.55
Eps Sct,280.8804,-8.2753,4.90,1.12
Iot Tel,293.8042,-48.0992,4.90,1.09
Alp Mic,312.4921,-33.7797,4.90,1.00
72    Cyg,323.6942,38.5342,4.90,1.08
50Rho Peg,343.8071,8.8158,4.90,0.00
12    Per,40.5621,40.1939,4.91,0.59
45    Eri,67.9696,-0.0439,4.91,1.32
HR,75.3567,-20.0519,4.91,-0.05
51    Ori,85.6192,1.4747,4.91,1.17
134    Tau,87.3871,12.6511,4.91,-0.07
46Psi1Aur,96.2246,49.2881,4.91,1.97
Phi3Hya,159.6458,-16.8767,4.91,0.92
HR,176.6296,-40.5006,4.91,0.66
Eps Cha,179.9054,-78.2219,4.91,-0.06
HR,192.6717,-33.9994,4.91,-0.04
6    Boo,207.4283,21.2642,4.91,1.43
HR,212.7104,-16.3019,4.91,1.72
Eta Aps,214.5575,-81.0078,4.91,0.25
1    Lup,228.6554,-31.5192,4.91,0.37
Zet TrA,247.1171,-70.0844,4.91,0.55
60    Her,256.3446,12.7408,4.91,0.12
69    Aql,307.4125,-2.8856,4.91,1.15
30    Vul,311.2188,25.2706,4.91,1.18
HR,329.1629,63.6256,4.91,1.77
HR,352.5083,58.5489,4.91,-0.12
20    Mon,107.5571,-4.2372,4.92,1.03
HR,134.2433,-59.2294,4.92,-0.19
HR,198.5617,-59.1033,4.92,0.48
HR,198.4292,40.1528,4.92,1.06
HR,215.6542,-58.4594,4.92,0.86
HR,221.2467,-35.1919,4.92,0.01
19Del Lib,225.2433,-8.5189,4.92,0.00
8Bet2Sco,241.3604,-19.8019,4.92,-0.02
HR,283.3067,50.7083,4.92,0.90
24Psi Cyg,298.9075,52.4389,4.92,0.12
HR,311.7950,34.3742,4.92,1.32
15Tau PsA,332.5367,-32.5483,4.92,0.48
24    Per,44.7654,35.1831,4.93,1.23
Del Hor,62.7108,-41.9936,4.93,0.33
54    Per,65.1025,34.5667,4.93,0.94
17    Lep,91.2462,-16.4844,4.93,0.24
HR,99.6567,-48.2203,4.93,0.87
HR,105.9737,-49.5839,4.93,0.13
27    Mon,119.9338,-3.6797,4.93,1.21
HR,132.4487,-45.3081,4.93,0.05
HR,157.7583,-73.2217,4.93,1.68
HR,190.4858,-59.6858,4.93,-0.04
78    UMa,195.1825,56.3664,4.93,0.36
45    Boo,226.8254,24.8692,4.93,0.43
15Lam Lyr,285.0038,32.1456,4.93,1.47
Gam CrA,286.6046,-37.0633,4.93,0.52
28    Cyg,302.3567,36.8397,4.93,-0.13
78    Peg,355.9979,29.3617,4.93,0.95
20Pi  Cas,10.8671,47.0247,4.94,0.18
53Tau And,25.1450,40.5769,4.94,-0.09
6    Tri,33.0929,30.3031,4.94,0.78
50Ome2Tau,64.3150,20.5786,4.94,0.26
4Ome Aur,74.8142,37.8903,4.94,0.04
109    Tau,79.8192,22.0964,4.94,0.93
HR,113.9154,-52.5339,4.94,1.40
HR,115.0967,-15.2636,4.94,1.56
Chi Gem,120.8796,27.7942,4.94,1.12
HR,138.9029,-38.5700,4.94,1.11
HR,145.5600,-23.9156,4.94,0.53
HR,148.7175,-19.0094,4.94,1.57
Chi1Hya,166.3329,-27.2936,4.94,0.36
HR,175.2233,-62.0900,4.94,1.15
6    Dra,188.6833,70.0219,4.94,1.31
